timestamp,namada.indexer.shield-crypto.is_up_to_date,namada.indexer.shield-crypto.status,namada.indexer.shield-crypto.sync_state,namada.indexer.shield-crypto.version,namada.interface.shield-crypto.is_up_to_date,namada.interface.shield-crypto.status,namada.interface.shield-crypto.version,namada.masp.shield-crypto.is_up_to_date,namada.masp.shield-crypto.status,namada.masp.shield-crypto.sync_state,namada.masp.shield-crypto.version,namada.rpc.shield-crypto.is_up_to_date,namada.rpc.shield-crypto.status,namada.rpc.shield-crypto.sync_state,namada.rpc.shield-crypto.version
2025-05-05T14:43:48.331199+00:00Z,,,,,,,,,,,,,,,
2025-05-05T16:20:27.480863+00:00Z,False,down,,n/a,,,,,,sync_lag,,,,sync_lag,
2025-05-05T17:13:59.511653+00:00Z,False,down,,n/a,,,,,,sync_nok,,,,sync_nok,
2025-05-05T18:18:32.884333+00:00Z,True,up,sync_ok,2.5.3,,,,,,sync_ok,,,,sync_ok,
2025-05-05T20:17:31.462289+00:00Z,True,up,sync_nok,2.5.3,,,,,,sync_lag,,,,sync_ok,
2025-05-05T20:40:17.176507+00:00Z,True,up,sync_ok,2.5.3,,,,,,sync_ok,,,,sync_ok,
2025-05-06T06:22:43.312687+00:00Z,True,up,sync_nok,2.5.3,,,,,,sync_nok,,False,down,sync_nok,n/a
2025-05-06T07:15:47.742667+00:00Z,True,up,sync_ok,2.5.3,,,,,,sync_ok,,True,up,sync_ok,0.37.15
2025-05-07T06:22:58.306796+00:00Z,True,up,sync_nok,2.5.3,,,,,,sync_nok,,False,down,sync_nok,n/a
2025-05-07T07:15:42.383475+00:00Z,True,up,sync_ok,2.5.3,,,,,,sync_ok,,True,up,sync_ok,0.37.15
2025-05-08T06:23:41.794793+00:00Z,True,up,sync_nok,2.5.3,,,,,,sync_lag,,True,up,sync_lag,0.37.15
2025-05-08T07:15:46.402768+00:00Z,True,up,sync_ok,2.5.3,,,,,,sync_ok,,True,up,sync_ok,0.37.15
2025-05-09T06:23:15.610986+00:00Z,True,up,sync_nok,2.5.3,,,,,,sync_nok,,True,up,sync_lag,0.37.15
2025-05-09T07:15:25.330877+00:00Z,True,up,sync_ok,2.5.3,,,,,,sync_ok,,True,up,sync_ok,0.37.15
2025-05-09T13:26:16.887947+00:00Z,True,up,sync_ok,2.5.3,,,,,,sync_ok,,False,down,sync_nok,n/a
2025-05-09T14:15:21.858400+00:00Z,True,up,sync_ok,2.5.3,,,,,,sync_ok,,True,up,sync_ok,0.37.15
2025-05-10T06:20:05.875138+00:00Z,True,up,sync_lag,2.5.3,,,,,,sync_lag,,True,up,sync_ok,0.37.15
2025-05-10T07:13:37.972816+00:00Z,True,up,sync_ok,2.5.3,,,,,,sync_ok,,True,up,sync_ok,0.37.15
2025-05-13T20:17:51.606241+00:00Z,True,up,sync_ok,2.5.3,False,down,n/a,,,sync_ok,,True,up,sync_ok,0.37.15
2025-05-14T06:22:47.931776+00:00Z,True,up,sync_lag,2.5.3,False,down,n/a,,,sync_ok,,True,up,sync_ok,0.37.15
2025-05-14T07:15:47.125646+00:00Z,False,down,sync_nok,n/a,False,down,n/a,,,sync_ok,,True,up,sync_ok,0.37.15
2025-05-14T10:17:11.774012+00:00Z,True,up,sync_nok,2.5.4,False,down,n/a,,,sync_ok,,True,up,sync_ok,0.37.15
2025-05-14T10:44:20.805561+00:00Z,True,up,sync_ok,2.5.4,False,down,n/a,,,sync_ok,,True,up,sync_ok,0.37.15
2025-05-15T06:23:20.852463+00:00Z,True,up,sync_lag,2.5.4,False,down,n/a,,,sync_ok,,True,up,sync_ok,0.37.15
2025-05-15T07:15:41.727041+00:00Z,True,up,sync_ok,2.5.4,False,down,n/a,,,sync_ok,,True,up,sync_ok,0.37.15
2025-05-15T11:36:44.887611+00:00Z,True,up,sync_ok,2.5.4,True,up,1.20.0-hotfix2,,,sync_ok,,True,up,sync_ok,0.37.15
2025-05-16T06:23:00.626069+00:00Z,True,up,sync_lag,2.5.4,True,up,1.20.0-hotfix2,,,sync_lag,,True,up,sync_lag,0.37.15
2025-05-16T07:15:48.583879+00:00Z,True,up,sync_ok,2.5.4,True,up,1.20.0-hotfix2,,,sync_ok,,True,up,sync_ok,0.37.15
2025-05-17T06:20:35.443437+00:00Z,True,up,sync_lag,2.5.4,True,up,1.20.0-hotfix2,,,sync_ok,,True,up,sync_ok,0.37.15
2025-05-17T07:14:00.542827+00:00Z,True,up,sync_ok,2.5.4,True,up,1.20.0-hotfix2,,,sync_ok,,True,up,sync_ok,0.37.15
2025-05-17T16:17:51.352476+00:00Z,True,up,sync_ok,2.5.4,True,up,1.20.0-hotfix2,False,down,sync_nok,n/a,True,up,sync_ok,0.37.15
2025-05-17T18:19:53.299620+00:00Z,True,up,sync_ok,2.5.4,True,up,1.20.0-hotfix2,True,up,sync_ok,1.2.1,True,up,sync_ok,0.37.15
2025-05-18T09:14:45.625039+00:00Z,True,up,sync_ok,2.5.4,True,up,1.20.0-hotfix2,True,up,sync_ok,1.2.1,False,down,sync_nok,n/a
2025-05-18T10:15:14.270779+00:00Z,True,up,sync_ok,2.5.4,True,up,1.20.0-hotfix2,True,up,sync_ok,1.2.1,True,up,sync_ok,0.37.15
2025-05-21T07:15:35.024549+00:00Z,True,up,sync_ok,2.5.4,True,up,1.20.0-hotfix3,True,up,sync_ok,1.2.1,True,up,sync_ok,0.37.15
2025-05-25T19:11:45.253770+00:00Z,True,up,sync_ok,2.5.4,False,up,1.20.0-hotfix4,True,up,sync_ok,1.2.1,True,up,sync_ok,0.37.15
2025-05-27T16:20:15.188932+00:00Z,True,up,sync_lag,2.5.4,False,up,1.20.0-hotfix4,True,up,sync_lag,1.2.1,False,down,sync_nok,n/a
2025-05-27T16:47:30.993932+00:00Z,False,up,sync_ok,3.0.2,False,up,1.20.0-hotfix4,False,up,sync_nok,1.3.0,True,up,sync_ok,0.37.15
2025-05-27T19:35:48.274091+00:00Z,True,up,sync_ok,3.0.2,False,up,1.20.0-hotfix4,True,up,sync_nok,1.3.0,True,up,sync_ok,0.37.15
2025-05-27T20:40:32.859929+00:00Z,True,up,sync_ok,3.0.2,True,up,1.21.0,True,up,sync_nok,1.3.0,True,up,sync_ok,0.37.15
2025-05-28T04:20:51.113385+00:00Z,,,,,False,down,n/a,,,,,,,,
2025-05-28T09:17:10.839311+00:00Z,True,up,sync_ok,3.0.2,True,up,1.21.0,True,up,sync_nok,1.3.0,True,up,sync_ok,0.37.15
2025-05-28T15:16:15.417624+00:00Z,True,up,sync_lag,3.0.2,True,up,1.21.0,True,up,sync_nok,1.3.0,True,up,sync_lag,0.37.15
2025-05-28T16:18:53.803193+00:00Z,True,up,sync_ok,3.0.2,True,up,1.21.0,True,up,sync_ok,1.3.0,True,up,sync_ok,0.37.15
2025-05-29T06:23:45.947208+00:00Z,True,up,sync_lag,3.0.2,True,up,1.21.0,True,up,sync_lag,1.3.0,True,up,sync_lag,0.37.15
2025-05-29T07:15:49.969179+00:00Z,True,up,sync_nok,3.0.2,True,up,1.21.0,True,up,sync_ok,1.3.0,True,up,sync_ok,0.37.15
2025-05-29T07:38:09.111459+00:00Z,True,up,sync_ok,3.0.2,True,up,1.21.0,True,up,sync_ok,1.3.0,True,up,sync_ok,0.37.15
2025-05-30T06:22:48.266149+00:00Z,True,up,sync_lag,3.0.2,True,up,1.21.0,True,up,sync_lag,1.3.0,True,up,sync_lag,0.37.15
2025-05-30T07:15:29.186100+00:00Z,True,up,sync_nok,3.0.2,True,up,1.21.0,True,up,sync_ok,1.3.0,True,up,sync_ok,0.37.15
2025-05-31T06:20:58.413472+00:00Z,True,up,sync_nok,3.0.2,True,up,1.21.0,True,up,sync_nok,1.3.0,False,down,sync_nok,n/a
2025-05-31T07:14:16.923086+00:00Z,True,up,sync_nok,3.0.2,True,up,1.21.0,True,up,sync_lag,1.3.0,True,up,sync_ok,0.37.15
2025-05-31T07:36:30.543655+00:00Z,True,up,sync_nok,3.0.2,True,up,1.21.0,True,up,sync_ok,1.3.0,True,up,sync_ok,0.37.15
2025-05-31T21:13:38.791205+00:00Z,,,,,False,down,n/a,,,,,,,,
2025-06-01T06:22:15.341691+00:00Z,True,up,sync_nok,3.0.2,True,up,1.21.0,False,down,sync_nok,n/a,False,down,sync_nok,n/a
2025-06-01T07:14:58.087932+00:00Z,True,up,sync_nok,3.0.2,True,up,1.21.0,True,up,sync_nok,1.3.0,True,up,sync_nok,0.37.15
2025-06-01T12:30:20.323946+00:00Z,True,up,sync_nok,3.0.2,True,up,1.21.0,True,up,sync_nok,1.3.0,False,down,sync_nok,n/a
2025-06-01T13:23:46.994638+00:00Z,False,down,sync_nok,n/a,True,up,1.21.0,False,down,sync_nok,n/a,True,up,sync_nok,0.37.15
2025-06-01T14:13:38.747457+00:00Z,False,down,sync_nok,n/a,True,up,1.21.0,False,down,sync_nok,n/a,False,down,sync_nok,n/a
2025-06-01T14:41:07.687029+00:00Z,False,down,sync_nok,n/a,True,up,1.21.0,False,down,sync_nok,n/a,True,up,sync_nok,0.37.15
2025-06-01T17:38:39.289536+00:00Z,False,down,sync_nok,n/a,True,up,1.21.0,False,down,sync_nok,n/a,True,up,sync_ok,0.37.15
2025-06-01T18:20:18.004530+00:00Z,True,up,sync_nok,3.0.2,True,up,1.21.0,True,up,sync_ok,1.3.0,True,up,sync_ok,0.37.15
2025-06-01T19:12:09.672978+00:00Z,False,down,sync_nok,n/a,True,up,1.21.0,False,down,sync_nok,n/a,False,down,sync_nok,n/a
2025-06-01T20:16:49.532545+00:00Z,False,down,sync_nok,n/a,True,up,1.21.0,False,down,sync_nok,n/a,True,up,sync_ok,0.37.15
2025-06-01T20:39:52.645251+00:00Z,False,down,sync_nok,n/a,True,up,1.21.0,False,down,sync_nok,n/a,False,down,sync_nok,n/a
2025-06-02T15:17:54.067813+00:00Z,False,down,sync_nok,n/a,True,up,1.21.0,False,down,sync_nok,n/a,True,up,sync_nok,0.37.15
2025-06-02T16:20:50.999559+00:00Z,True,up,sync_ok,3.0.2,True,up,1.21.0,True,up,sync_ok,1.3.0,True,up,sync_ok,0.37.15
2025-06-02T18:22:34.218236+00:00Z,False,down,sync_nok,n/a,True,up,1.21.0,False,down,sync_nok,n/a,True,up,sync_ok,0.37.15
2025-06-02T19:12:25.613276+00:00Z,False,down,sync_nok,n/a,True,up,1.21.0,False,down,sync_nok,n/a,False,down,sync_nok,n/a
2025-06-02T20:17:57.780339+00:00Z,False,down,sync_nok,n/a,True,up,1.21.0,False,down,sync_nok,n/a,True,up,sync_lag,0.37.15
2025-06-02T21:16:06.636859+00:00Z,True,up,sync_ok,3.0.2,True,up,1.21.0,True,up,sync_ok,1.3.0,True,up,sync_ok,0.37.15
2025-06-03T04:30:16.400262+00:00Z,True,up,sync_lag,3.0.2,True,up,1.21.0,True,up,sync_lag,1.3.0,True,up,sync_lag,0.37.15
2025-06-03T05:16:49.011451+00:00Z,True,up,sync_ok,3.0.2,True,up,1.21.0,True,up,sync_ok,1.3.0,True,up,sync_ok,0.37.15
2025-06-04T04:31:13.210356+00:00Z,True,up,sync_lag,3.0.2,True,up,1.21.0,True,up,sync_lag,1.3.0,True,up,sync_lag,0.37.15
2025-06-04T05:16:26.658587+00:00Z,True,up,sync_ok,3.0.2,True,up,1.21.0,True,up,sync_ok,1.3.0,True,up,sync_ok,0.37.15
2025-06-06T04:22:08.660397+00:00Z,True,up,sync_lag,3.0.2,True,up,1.21.0,True,up,sync_lag,1.3.0,True,up,sync_lag,0.37.15
2025-06-06T05:16:35.535440+00:00Z,True,up,sync_ok,3.0.2,True,up,1.21.0,True,up,sync_ok,1.3.0,True,up,sync_ok,0.37.15
2025-06-06T13:27:59.777240+00:00Z,False,down,sync_nok,n/a,True,up,1.21.0,False,down,sync_nok,n/a,False,down,sync_nok,n/a
2025-06-06T14:16:00.060199+00:00Z,True,up,sync_nok,3.0.2,True,up,1.21.0,True,up,sync_ok,1.3.0,True,up,sync_ok,0.37.15
2025-06-06T15:14:06.680941+00:00Z,True,up,sync_ok,3.0.2,True,up,1.21.0,True,up,sync_ok,1.3.0,True,up,sync_ok,0.37.15
2025-06-07T08:19:07.116732+00:00Z,True,up,sync_ok,3.0.2,False,up,1.21.0,True,up,sync_ok,1.3.0,True,up,sync_ok,0.37.15
2025-06-07T11:12:18.199578+00:00Z,True,up,sync_ok,3.0.2,True,up,1.24.0,True,up,sync_ok,1.3.0,True,up,sync_ok,0.37.15
2025-06-07T21:13:42.052952+00:00Z,True,up,sync_nok,3.0.2,True,up,1.24.0,True,up,sync_nok,1.3.0,True,up,sync_nok,0.37.15
2025-06-07T22:14:28.475985+00:00Z,True,up,sync_ok,3.0.2,True,up,1.24.0,True,up,sync_ok,1.3.0,True,up,sync_ok,0.37.15
2025-06-07T23:16:26.237630+00:00Z,True,up,sync_ok,3.0.2,True,up,1.24.0,False,down,sync_nok,n/a,True,up,sync_ok,0.37.15
2025-06-08T04:50:00.499541+00:00Z,True,up,sync_lag,3.0.2,True,up,1.24.0,False,down,sync_nok,n/a,False,down,sync_nok,n/a
2025-06-08T05:16:45.899539+00:00Z,True,up,sync_ok,3.0.2,True,up,1.24.0,False,down,sync_nok,n/a,True,up,sync_ok,0.37.15
2025-06-08T08:19:07.108355+00:00Z,True,up,sync_ok,3.0.2,True,up,1.24.0,True,up,sync_ok,1.3.0,True,up,sync_ok,0.37.15
2025-06-09T04:50:56.549508+00:00Z,True,up,sync_lag,3.0.2,True,up,1.24.0,True,up,sync_lag,1.3.0,False,down,sync_nok,n/a
2025-06-09T05:17:31.582986+00:00Z,True,up,sync_ok,3.0.2,True,up,1.24.0,True,up,sync_ok,1.3.0,True,up,sync_ok,0.37.15
2025-06-10T04:47:46.758058+00:00Z,True,up,sync_lag,3.0.2,True,up,1.24.0,True,up,sync_lag,1.3.0,True,up,sync_lag,0.37.15
2025-06-10T05:16:29.782055+00:00Z,True,up,sync_ok,3.0.2,True,up,1.24.0,True,up,sync_ok,1.3.0,True,up,sync_ok,0.37.15
2025-06-10T07:38:45.097658+00:00Z,,,,,False,down,n/a,,,,,,,,
2025-06-10T08:22:37.010571+00:00Z,True,up,sync_ok,3.0.2,True,up,1.24.0,True,up,sync_ok,1.3.0,True,up,sync_ok,0.37.15
2025-06-11T07:15:57.420416+00:00Z,True,up,sync_lag,3.0.2,True,up,1.24.0,True,up,sync_ok,1.3.0,True,up,sync_ok,0.37.15
2025-06-11T08:21:53.658258+00:00Z,True,up,sync_nok,3.0.2,True,up,1.24.0,True,up,sync_ok,1.3.0,True,up,sync_ok,0.37.15
2025-06-11T21:15:12.262325+00:00Z,True,up,sync_ok,3.0.2,True,up,1.24.0,True,up,sync_ok,1.3.0,True,up,sync_ok,0.37.15
2025-06-12T12:33:07.465452+00:00Z,False,down,sync_nok,n/a,True,up,1.24.0,True,up,sync_nok,1.3.0,True,up,sync_nok,0.37.15
2025-06-12T15:17:54.661880+00:00Z,False,down,sync_nok,n/a,True,up,1.24.0,False,down,sync_nok,n/a,False,down,sync_nok,n/a
2025-06-12T16:20:14.861877+00:00Z,False,down,sync_nok,n/a,True,up,1.24.0,False,down,sync_nok,n/a,True,up,sync_ok,0.37.15
2025-06-12T19:12:38.576714+00:00Z,False,up,sync_ok,3.1.0,True,up,1.24.0,True,up,sync_nok,1.3.0,True,up,sync_ok,0.37.15
2025-06-12T20:18:09.128568+00:00Z,False,up,sync_ok,3.1.0,True,up,1.24.0,True,up,sync_ok,1.3.0,True,up,sync_ok,0.37.15
2025-06-13T04:33:40.731596+00:00Z,False,up,sync_nok,3.1.0,True,up,1.24.0,True,up,sync_nok,1.3.0,False,down,sync_nok,n/a
2025-06-13T05:15:57.337470+00:00Z,False,up,sync_ok,3.1.0,True,up,1.24.0,True,up,sync_ok,1.3.0,True,up,sync_ok,0.37.15
2025-06-13T09:17:37.320811+00:00Z,True,up,sync_ok,3.1.0,True,up,1.24.0,True,up,sync_ok,1.3.0,True,up,sync_ok,0.37.15
2025-06-13T16:20:13.171167+00:00Z,True,up,sync_ok,3.1.0,False,up,1.24.0,True,up,sync_ok,1.3.0,True,up,sync_ok,0.37.15
2025-06-13T17:13:57.257484+00:00Z,True,up,sync_ok,3.1.0,True,up,1.26.0,True,up,sync_ok,1.3.0,True,up,sync_ok,0.37.15
2025-06-14T04:19:41.343755+00:00Z,True,up,sync_nok,3.1.0,True,up,1.26.0,True,up,sync_nok,1.3.0,False,down,sync_nok,n/a
2025-06-14T05:15:45.134441+00:00Z,True,up,sync_ok,3.1.0,True,up,1.26.0,True,up,sync_ok,1.3.0,True,up,sync_ok,0.37.15
2025-06-15T04:49:48.665905+00:00Z,True,up,sync_ok,3.1.0,True,up,1.26.0,True,up,sync_ok,1.3.0,False,down,sync_nok,n/a
2025-06-15T05:15:34.924374+00:00Z,True,up,sync_ok,3.1.0,True,up,1.26.0,True,up,sync_ok,1.3.0,True,up,sync_ok,0.37.15
2025-06-15T07:36:58.986787+00:00Z,True,up,sync_lag,3.1.0,True,up,1.26.0,True,up,sync_ok,1.3.0,True,up,sync_ok,0.37.15
2025-06-15T08:19:21.488423+00:00Z,True,up,sync_ok,3.1.0,True,up,1.26.0,True,up,sync_ok,1.3.0,True,up,sync_ok,0.37.15
2025-06-15T10:16:40.079168+00:00Z,True,up,sync_nok,3.1.0,True,up,1.26.0,True,up,sync_ok,1.3.0,True,up,sync_ok,0.37.15
2025-06-15T14:39:16.261615+00:00Z,,,,,False,down,n/a,,,,,,,,
2025-06-15T16:18:15.847096+00:00Z,True,up,sync_nok,3.1.0,True,up,1.26.0,True,up,sync_nok,1.3.0,True,up,sync_nok,0.37.15
2025-06-15T17:13:23.454812+00:00Z,True,up,sync_nok,3.1.0,True,up,1.26.0,True,up,sync_nok,1.3.0,True,up,sync_lag,0.37.15
2025-06-15T17:38:50.806343+00:00Z,True,up,sync_ok,3.1.0,True,up,1.26.0,True,up,sync_ok,1.3.0,True,up,sync_ok,0.37.15
2025-06-16T04:51:55.423130+00:00Z,True,up,sync_lag,3.1.0,True,up,1.26.0,True,up,sync_lag,1.3.0,False,down,sync_nok,n/a
2025-06-16T05:18:23.291939+00:00Z,True,up,sync_ok,3.1.0,True,up,1.26.0,True,up,sync_ok,1.3.0,True,up,sync_ok,0.37.15
2025-06-16T16:20:34.388783+00:00Z,False,down,sync_nok,n/a,True,up,1.26.0,True,up,sync_nok,1.3.0,True,up,sync_nok,0.37.15
2025-06-16T18:23:05.660103+00:00Z,True,up,sync_nok,3.2.0,True,up,1.26.0,True,up,sync_nok,1.3.0,True,up,sync_nok,0.37.15
2025-06-16T19:12:29.683452+00:00Z,True,up,sync_nok,3.2.0,True,up,1.26.0,True,up,sync_ok,1.3.0,True,up,sync_ok,0.37.15
2025-06-16T20:17:58.528887+00:00Z,True,up,sync_ok,3.2.0,True,up,1.26.0,True,up,sync_ok,1.3.0,True,up,sync_ok,0.37.15
2025-06-17T04:35:18.274322+00:00Z,True,up,sync_nok,3.2.0,True,up,1.26.0,True,up,sync_lag,1.3.0,True,up,sync_lag,0.37.15
2025-06-17T05:16:22.126412+00:00Z,True,up,sync_ok,3.2.0,True,up,1.26.0,True,up,sync_ok,1.3.0,True,up,sync_ok,0.37.15
2025-06-17T09:18:05.725910+00:00Z,True,up,sync_nok,3.2.0,True,up,1.26.0,True,up,sync_nok,1.3.0,False,down,sync_nok,n/a
2025-06-17T13:29:50.294966+00:00Z,True,up,sync_nok,3.2.0,True,up,1.26.0,True,up,sync_nok,1.3.0,True,up,sync_nok,0.37.15
2025-06-17T16:20:51.364382+00:00Z,True,up,sync_nok,3.2.0,True,up,1.26.0,True,up,sync_nok,1.3.0,True,up,sync_ok,0.37.15
2025-06-17T17:15:05.951189+00:00Z,True,up,sync_nok,3.2.0,True,up,1.26.0,True,up,sync_ok,1.3.0,True,up,sync_ok,0.37.15
2025-06-17T20:17:42.708306+00:00Z,True,up,sync_ok,3.2.0,True,up,1.26.0,True,up,sync_ok,1.3.0,True,up,sync_ok,0.37.15
2025-06-17T21:15:39.243846+00:00Z,False,down,sync_nok,n/a,True,up,1.26.0,False,down,sync_nok,n/a,False,down,sync_nok,n/a
2025-06-17T21:39:50.233421+00:00Z,True,up,sync_nok,3.2.0,True,up,1.26.0,False,down,sync_nok,n/a,False,down,sync_nok,n/a
2025-06-17T22:15:03.331276+00:00Z,True,up,sync_nok,3.2.0,True,up,1.26.0,False,down,sync_nok,n/a,True,up,sync_nok,0.37.15
2025-06-17T22:42:18.743417+00:00Z,True,up,sync_nok,3.2.0,True,up,1.26.0,False,down,sync_nok,n/a,True,up,sync_ok,0.37.15
2025-06-17T23:15:17.594978+00:00Z,True,up,sync_nok,3.2.0,True,up,1.26.0,True,up,sync_ok,1.3.0,True,up,sync_ok,0.37.15
2025-06-18T01:18:16.445480+00:00Z,True,up,sync_ok,3.2.0,True,up,1.26.0,True,up,sync_ok,1.3.0,True,up,sync_ok,0.37.15
2025-06-18T04:35:28.562130+00:00Z,True,up,sync_nok,3.2.0,True,up,1.26.0,True,up,sync_nok,1.3.0,False,down,sync_nok,n/a
2025-06-18T05:16:51.746913+00:00Z,True,up,sync_nok,3.2.0,True,up,1.26.0,True,up,sync_nok,1.3.0,True,up,sync_nok,0.37.15
2025-06-18T05:42:52.520523+00:00Z,True,up,sync_nok,3.2.0,True,up,1.26.0,True,up,sync_ok,1.3.0,True,up,sync_ok,0.37.15
2025-06-18T06:24:05.220417+00:00Z,True,up,sync_ok,3.2.0,True,up,1.26.0,True,up,sync_ok,1.3.0,True,up,sync_ok,0.37.15
2025-06-18T10:17:38.211282+00:00Z,True,up,sync_lag,3.2.0,True,up,1.26.0,True,up,sync_ok,1.3.0,True,up,sync_ok,0.37.15
2025-06-18T11:14:28.928522+00:00Z,True,up,sync_ok,3.2.0,True,up,1.26.0,True,up,sync_ok,1.3.0,True,up,sync_ok,0.37.15
2025-06-18T19:12:56.544975+00:00Z,True,up,sync_lag,3.2.0,True,up,1.26.0,True,up,sync_ok,1.3.0,True,up,sync_ok,0.37.15
2025-06-18T20:19:02.195181+00:00Z,True,up,sync_ok,3.2.0,True,up,1.26.0,True,up,sync_ok,1.3.0,True,up,sync_ok,0.37.15
2025-06-19T04:35:02.249353+00:00Z,True,up,sync_nok,3.2.0,True,up,1.26.0,True,up,sync_nok,1.3.0,False,down,sync_nok,n/a
2025-06-19T05:16:14.631070+00:00Z,True,up,sync_nok,3.2.0,True,up,1.26.0,True,up,sync_nok,1.3.0,True,up,sync_nok,0.37.15
2025-06-19T05:42:39.224634+00:00Z,True,up,sync_nok,3.2.0,True,up,1.26.0,True,up,sync_lag,1.3.0,True,up,sync_lag,0.37.15
2025-06-19T06:24:06.293668+00:00Z,True,up,sync_ok,3.2.0,True,up,1.26.0,True,up,sync_ok,1.3.0,True,up,sync_ok,0.37.15
2025-06-19T10:17:31.620376+00:00Z,True,up,sync_nok,3.2.0,True,up,1.26.0,True,up,sync_nok,1.3.0,True,up,sync_nok,0.37.15
2025-06-19T11:14:12.314056+00:00Z,True,up,sync_nok,3.2.0,True,up,1.26.0,True,up,sync_lag,1.3.0,True,up,sync_lag,0.37.15
2025-06-19T12:33:32.425403+00:00Z,True,up,sync_nok,3.2.0,True,up,1.26.0,True,up,sync_lag,1.3.0,True,up,sync_ok,0.37.15
2025-06-19T13:28:56.520118+00:00Z,True,up,sync_nok,3.2.0,True,up,1.26.0,True,up,sync_ok,1.3.0,True,up,sync_ok,0.37.15
2025-06-19T18:21:41.646807+00:00Z,True,up,sync_ok,3.2.0,True,up,1.26.0,True,up,sync_ok,1.3.0,True,up,sync_ok,0.37.15
2025-06-19T20:18:53.189679+00:00Z,True,up,sync_ok,3.2.0,True,up,1.27.0,True,up,sync_ok,1.3.0,True,up,sync_ok,0.37.15
2025-06-20T04:31:39.388332+00:00Z,True,up,sync_nok,3.2.0,True,up,1.27.0,True,up,sync_nok,1.3.0,False,down,sync_nok,n/a
2025-06-20T05:43:07.003468+00:00Z,True,up,sync_nok,3.2.0,True,up,1.27.0,True,up,sync_nok,1.3.0,True,up,sync_nok,0.37.15
2025-06-20T08:21:20.602972+00:00Z,True,up,sync_nok,3.2.0,True,up,1.27.0,True,up,sync_lag,1.3.0,True,up,sync_lag,0.37.15
2025-06-20T09:17:09.409299+00:00Z,True,up,sync_nok,3.2.0,True,up,1.27.0,True,up,sync_ok,1.3.0,True,up,sync_ok,0.37.15
2025-06-20T12:33:45.248801+00:00Z,True,up,sync_nok,3.2.0,True,up,1.27.0,True,up,sync_lag,1.3.0,True,up,sync_ok,0.37.15
2025-06-20T13:28:01.344152+00:00Z,True,up,sync_nok,3.2.0,True,up,1.27.0,True,up,sync_lag,1.3.0,True,up,sync_lag,0.37.15
2025-06-20T14:15:41.886132+00:00Z,True,up,sync_nok,3.2.0,True,up,1.27.0,True,up,sync_ok,1.3.0,True,up,sync_ok,0.37.15
2025-06-20T20:17:42.681478+00:00Z,False,down,sync_nok,n/a,False,up,1.27.0,True,up,sync_ok,1.3.0,True,up,sync_ok,0.37.15
2025-06-20T21:14:38.256014+00:00Z,True,up,sync_nok,3.2.0,True,up,1.28.0,True,up,sync_ok,1.3.0,True,up,sync_ok,0.37.15
2025-06-21T01:17:19.404317+00:00Z,True,up,sync_ok,3.2.0,False,up,1.28.0,True,up,sync_ok,1.3.0,True,up,sync_ok,0.37.15
2025-06-21T06:21:25.957626+00:00Z,False,down,sync_nok,n/a,False,up,1.28.0,False,down,sync_nok,n/a,False,down,sync_nok,n/a
2025-06-21T07:14:33.843346+00:00Z,True,up,sync_nok,3.2.0,True,up,1.28.2,True,up,sync_ok,1.3.0,True,up,sync_ok,0.37.15
2025-06-21T14:14:49.809826+00:00Z,True,up,sync_ok,3.2.0,True,up,1.28.2,True,up,sync_ok,1.3.0,True,up,sync_ok,0.37.15
2025-06-25T04:50:09.553268+00:00Z,True,up,sync_ok,3.2.0,True,up,1.28.2,True,up,sync_ok,1.3.0,False,down,sync_nok,n/a
2025-06-25T05:17:50.616670+00:00Z,True,up,sync_ok,3.2.0,True,up,1.28.2,True,up,sync_ok,1.3.0,True,up,sync_ok,0.37.15
2025-06-27T04:49:47.177401+00:00Z,True,up,sync_ok,3.2.0,True,up,1.28.2,True,up,sync_ok,1.3.0,False,down,sync_nok,n/a
2025-06-27T05:16:57.957512+00:00Z,True,up,sync_ok,3.2.0,True,up,1.28.2,True,up,sync_ok,1.3.0,True,up,sync_ok,0.37.15
2025-06-28T04:19:50.275863+00:00Z,True,up,sync_lag,3.2.0,True,up,1.28.2,True,up,sync_lag,1.3.0,True,up,sync_lag,0.37.15
2025-06-28T05:16:11.231364+00:00Z,True,up,sync_ok,3.2.0,True,up,1.28.2,True,up,sync_ok,1.3.0,True,up,sync_ok,0.37.15
2025-06-28T09:16:13.353093+00:00Z,True,up,sync_ok,3.2.0,False,up,1.28.3,True,up,sync_ok,1.3.0,True,up,sync_ok,0.37.15
2025-06-29T04:55:24.556211+00:00Z,True,up,sync_lag,3.2.0,False,up,1.28.3,True,up,sync_lag,1.3.0,False,down,sync_nok,n/a
2025-06-29T05:19:24.826167+00:00Z,True,up,sync_ok,3.2.0,False,up,1.28.3,True,up,sync_ok,1.3.0,True,up,sync_ok,0.37.15
2025-06-29T20:40:13.657741+00:00Z,,,,,False,down,n/a,,,,,,,,
2025-06-30T18:22:54.224927+00:00Z,False,down,sync_nok,n/a,False,up,1.28.3,False,down,sync_nok,n/a,True,up,sync_nok,0.37.15
2025-06-30T21:15:13.463843+00:00Z,False,down,sync_nok,n/a,True,up,1.28.3,False,down,sync_nok,n/a,True,up,sync_nok,0.37.15
2025-06-30T23:15:15.383368+00:00Z,,,,,False,down,n/a,,,,,,,,
2025-07-01T20:18:15.283726+00:00Z,False,down,sync_nok,n/a,True,up,1.28.3,False,down,sync_nok,n/a,True,up,sync_nok,0.37.15
2025-07-01T21:15:12.694516+00:00Z,,,,,False,down,n/a,,,,,,,,
2025-07-03T21:14:57.697140+00:00Z,True,up,sync_nok,3.2.0,True,up,1.28.3,True,up,sync_nok,1.3.0,True,up,sync_nok,0.37.15
2025-07-03T22:41:56.639956+00:00Z,True,up,sync_nok,3.2.0,True,up,1.28.3,True,up,sync_nok,1.3.0,True,up,sync_ok,0.37.15
2025-07-03T23:15:43.036650+00:00Z,True,up,sync_ok,3.2.0,True,up,1.28.3,True,up,sync_nok,1.3.0,True,up,sync_ok,0.37.15
2025-07-04T01:18:56.301000+00:00Z,True,up,sync_ok,3.2.0,True,up,1.28.3,True,up,sync_ok,1.3.0,True,up,sync_ok,0.37.15
2025-07-05T04:47:20.938087+00:00Z,True,up,sync_nok,3.2.0,True,up,1.28.3,True,up,sync_nok,1.3.0,False,down,sync_nok,n/a
2025-07-05T05:15:48.830965+00:00Z,True,up,sync_ok,3.2.0,True,up,1.28.3,True,up,sync_ok,1.3.0,True,up,sync_ok,0.37.15
2025-07-06T04:51:26.384381+00:00Z,True,up,sync_lag,3.2.0,True,up,1.28.3,True,up,sync_lag,1.3.0,False,down,sync_nok,n/a
2025-07-06T05:16:14.145756+00:00Z,True,up,sync_ok,3.2.0,True,up,1.28.3,True,up,sync_ok,1.3.0,True,up,sync_ok,0.37.15
2025-07-07T04:53:33.563836+00:00Z,True,up,sync_lag,3.2.0,True,up,1.28.3,True,up,sync_lag,1.3.0,False,down,sync_nok,n/a
2025-07-07T05:19:26.659195+00:00Z,True,up,sync_ok,3.2.0,True,up,1.28.3,True,up,sync_ok,1.3.0,True,up,sync_ok,0.37.15
2025-07-07T17:14:52.061966+00:00Z,True,up,sync_ok,3.2.0,False,up,1.29.0,True,up,sync_ok,1.3.0,True,up,sync_ok,0.37.15
2025-07-07T22:15:57.191039+00:00Z,True,up,sync_ok,3.2.0,True,up,1.29.0,True,up,sync_ok,1.3.0,True,up,sync_ok,0.37.15
2025-07-08T04:50:00.067161+00:00Z,True,up,sync_ok,3.2.0,True,up,1.29.0,True,up,sync_ok,1.3.0,False,down,sync_nok,n/a
2025-07-08T05:17:30.990243+00:00Z,True,up,sync_ok,3.2.0,True,up,1.29.0,True,up,sync_ok,1.3.0,True,up,sync_ok,0.37.15
2025-07-09T04:54:34.084128+00:00Z,True,up,sync_lag,3.2.0,True,up,1.29.0,True,up,sync_lag,1.3.0,False,down,sync_nok,n/a
2025-07-09T05:21:03.644086+00:00Z,True,up,sync_ok,3.2.0,True,up,1.29.0,True,up,sync_ok,1.3.0,True,up,sync_ok,0.37.15
2025-07-10T04:52:28.715877+00:00Z,True,up,sync_lag,3.2.0,True,up,1.29.0,True,up,sync_lag,1.3.0,False,down,sync_nok,n/a
2025-07-10T05:19:58.995417+00:00Z,True,up,sync_ok,3.2.0,True,up,1.29.0,True,up,sync_ok,1.3.0,True,up,sync_ok,0.37.15
2025-07-11T04:54:43.143058+00:00Z,True,up,sync_lag,3.2.0,True,up,1.29.0,True,up,sync_lag,1.3.0,False,down,sync_nok,n/a
2025-07-11T05:20:07.758980+00:00Z,True,up,sync_ok,3.2.0,True,up,1.29.0,True,up,sync_ok,1.3.0,True,up,sync_ok,0.37.15
2025-07-12T04:50:34.271357+00:00Z,True,up,sync_lag,3.2.0,True,up,1.29.0,True,up,sync_lag,1.3.0,False,down,sync_nok,n/a
2025-07-12T05:17:13.743815+00:00Z,True,up,sync_ok,3.2.0,True,up,1.29.0,True,up,sync_ok,1.3.0,True,up,sync_ok,0.37.15
2025-07-12T08:19:54.484132+00:00Z,True,up,sync_lag,3.2.0,True,up,1.29.0,True,up,sync_ok,1.3.0,True,up,sync_ok,0.37.15
2025-07-12T09:16:11.696171+00:00Z,True,up,sync_ok,3.2.0,True,up,1.29.0,True,up,sync_ok,1.3.0,True,up,sync_ok,0.37.15
2025-07-13T04:34:09.176149+00:00Z,True,up,sync_lag,3.2.0,True,up,1.29.0,True,up,sync_lag,1.3.0,False,down,sync_nok,n/a
2025-07-13T05:18:34.577191+00:00Z,True,up,sync_nok,3.2.0,True,up,1.29.0,True,up,sync_lag,1.3.0,True,up,sync_lag,0.37.15
2025-07-13T05:43:54.505523+00:00Z,True,up,sync_ok,3.2.0,True,up,1.29.0,True,up,sync_ok,1.3.0,True,up,sync_ok,0.37.15
2025-07-13T21:14:41.997482+00:00Z,,,,,False,down,n/a,,,,,,,,
2025-07-14T11:15:01.434080+00:00Z,False,down,sync_nok,n/a,True,up,1.29.0,False,down,sync_nok,n/a,True,up,sync_nok,0.37.15
2025-07-14T16:21:39.017662+00:00Z,False,down,sync_nok,n/a,True,up,1.29.0,True,up,sync_nok,1.3.0,True,up,sync_nok,0.37.15
2025-07-14T19:38:07.243480+00:00Z,False,up,sync_nok,3.3.2,True,up,1.29.0,True,up,sync_nok,1.3.0,True,up,sync_nok,0.37.15
2025-07-14T20:19:09.889885+00:00Z,False,up,sync_nok,3.3.2,True,up,1.29.0,True,up,sync_ok,1.3.0,True,up,sync_ok,0.37.15
2025-07-15T04:56:43.507790+00:00Z,False,up,sync_nok,3.3.2,True,up,1.29.0,True,up,sync_lag,1.3.0,False,down,sync_nok,n/a
2025-07-15T05:24:18.081760+00:00Z,False,up,sync_nok,3.3.2,True,up,1.29.0,True,up,sync_ok,1.3.0,True,up,sync_ok,0.37.15
2025-07-15T06:26:40.197078+00:00Z,,,,,False,down,n/a,,,,,,,,
2025-07-15T09:49:37.671585+00:00Z,False,up,sync_nok,3.3.2,False,up,1.30.0,True,up,sync_ok,1.3.0,True,up,sync_ok,0.37.15
2025-07-15T19:38:40.674677+00:00Z,False,down,sync_nok,n/a,False,up,1.30.0,False,down,sync_nok,n/a,False,down,sync_nok,n/a
2025-07-15T20:18:56.416204+00:00Z,False,down,sync_nok,n/a,False,up,1.30.0,False,down,sync_nok,n/a,True,up,sync_nok,0.37.15
2025-07-15T21:16:15.922585+00:00Z,,,,,False,down,n/a,,,,,,,,
2025-07-15T22:17:08.168149+00:00Z,False,down,sync_nok,n/a,False,up,1.30.0,False,down,sync_nok,n/a,True,up,sync_nok,0.37.15
2025-07-16T01:22:48.838559+00:00Z,False,down,sync_nok,n/a,False,up,1.30.0,False,down,sync_nok,n/a,True,up,sync_ok,0.37.15
2025-07-16T04:56:35.479611+00:00Z,False,down,sync_nok,n/a,False,up,1.30.0,False,down,sync_nok,n/a,False,down,sync_nok,n/a
2025-07-16T05:25:43.750652+00:00Z,False,up,sync_ok,3.3.3,False,up,1.30.0,True,up,sync_ok,1.3.0,True,up,sync_ok,0.37.15
2025-07-16T14:15:55.771376+00:00Z,False,up,sync_nok,3.3.3,False,up,1.30.0,True,up,sync_nok,1.3.0,True,up,sync_lag,0.37.15
2025-07-16T14:45:17.828503+00:00Z,False,up,sync_nok,3.3.3,False,up,1.30.0,True,up,sync_nok,1.3.0,True,up,sync_nok,0.37.15
2025-07-16T15:18:52.358967+00:00Z,False,down,sync_nok,n/a,False,up,1.31.0,True,up,sync_nok,1.3.0,True,up,sync_nok,0.37.15
2025-07-16T16:21:28.112049+00:00Z,False,up,sync_nok,3.3.4,False,up,1.31.0,True,up,sync_nok,1.3.0,True,up,sync_nok,0.37.15
2025-07-16T17:17:44.510529+00:00Z,True,up,sync_nok,3.3.4,True,up,1.31.0,True,up,sync_nok,1.3.0,True,up,sync_nok,0.37.15
2025-07-16T18:24:21.221096+00:00Z,True,up,sync_nok,3.3.4,True,up,1.31.0,True,up,sync_ok,1.3.0,True,up,sync_ok,0.37.15
2025-07-16T20:19:00.950177+00:00Z,True,up,sync_ok,3.3.4,False,up,1.31.1,True,up,sync_ok,1.3.0,True,up,sync_ok,0.37.15
2025-07-16T22:16:28.720630+00:00Z,True,up,sync_ok,3.3.4,True,up,1.31.1,True,up,sync_ok,1.3.0,True,up,sync_ok,0.37.15
2025-07-17T04:56:31.229805+00:00Z,True,up,sync_lag,3.3.4,True,up,1.31.1,True,up,sync_lag,1.3.0,False,down,sync_nok,n/a
2025-07-17T05:24:32.357331+00:00Z,True,up,sync_ok,3.3.4,True,up,1.31.1,True,up,sync_ok,1.3.0,True,up,sync_ok,0.37.15
2025-07-18T04:58:19.274119+00:00Z,True,up,sync_lag,3.3.4,True,up,1.31.1,True,up,sync_lag,1.3.0,True,up,sync_lag,0.37.15
2025-07-18T05:29:15.633894+00:00Z,True,up,sync_ok,3.3.4,True,up,1.31.1,True,up,sync_ok,1.3.0,True,up,sync_ok,0.37.15
2025-07-19T04:51:20.117103+00:00Z,True,up,sync_lag,3.3.4,True,up,1.31.1,True,up,sync_lag,1.3.0,False,down,sync_nok,n/a
2025-07-19T05:18:47.052286+00:00Z,True,up,sync_ok,3.3.4,True,up,1.31.1,True,up,sync_ok,1.3.0,True,up,sync_ok,0.37.15
2025-07-21T05:01:15.671005+00:00Z,True,up,sync_lag,3.3.4,True,up,1.31.1,True,up,sync_ok,1.3.0,True,up,sync_ok,0.37.15
2025-07-21T05:49:53.262791+00:00Z,True,up,sync_ok,3.3.4,True,up,1.31.1,True,up,sync_ok,1.3.0,True,up,sync_ok,0.37.15
2025-07-22T04:56:50.585922+00:00Z,True,up,sync_lag,3.3.4,True,up,1.31.1,True,up,sync_lag,1.3.0,False,down,sync_nok,n/a
2025-07-22T05:25:34.340089+00:00Z,True,up,sync_ok,3.3.4,True,up,1.31.1,True,up,sync_ok,1.3.0,True,up,sync_ok,0.37.15
2025-07-22T20:19:34.124143+00:00Z,True,up,sync_lag,3.3.4,True,up,1.31.1,True,up,sync_ok,1.3.0,True,up,sync_ok,0.37.15
2025-07-22T21:16:21.829878+00:00Z,True,up,sync_ok,3.3.4,True,up,1.31.1,True,up,sync_ok,1.3.0,True,up,sync_ok,0.37.15
2025-07-23T04:57:54.507846+00:00Z,True,up,sync_lag,3.3.4,True,up,1.31.1,True,up,sync_lag,1.3.0,True,up,sync_lag,0.37.15
2025-07-23T05:30:23.475369+00:00Z,True,up,sync_ok,3.3.4,True,up,1.31.1,True,up,sync_ok,1.3.0,True,up,sync_ok,0.37.15
2025-07-24T04:56:58.875396+00:00Z,True,up,sync_lag,3.3.4,True,up,1.31.1,True,up,sync_lag,1.3.0,True,up,sync_lag,0.37.15
2025-07-24T05:26:32.784638+00:00Z,True,up,sync_ok,3.3.4,True,up,1.31.1,True,up,sync_ok,1.3.0,True,up,sync_ok,0.37.15
2025-07-25T04:58:19.836174+00:00Z,True,up,sync_lag,3.3.4,False,up,1.31.1,True,up,sync_lag,1.3.0,True,up,sync_lag,0.37.15
2025-07-25T05:31:03.432080+00:00Z,True,up,sync_ok,3.3.4,False,up,1.31.1,True,up,sync_ok,1.3.0,True,up,sync_ok,0.37.15
2025-07-25T19:14:57.490061+00:00Z,True,up,sync_ok,3.3.4,True,up,1.31.2,True,up,sync_ok,1.3.0,True,up,sync_ok,0.37.15
2025-07-26T08:20:42.101358+00:00Z,False,down,sync_nok,n/a,True,up,1.31.2,False,down,sync_nok,n/a,False,down,sync_nok,n/a
2025-07-27T06:24:42.268737+00:00Z,True,up,sync_nok,3.3.4,True,up,1.31.2,False,down,sync_nok,n/a,False,down,sync_nok,n/a
2025-07-27T07:15:58.183152+00:00Z,False,down,sync_nok,n/a,True,up,1.31.2,False,down,sync_nok,n/a,True,up,sync_nok,0.37.15
2025-07-28T03:42:45.440107+00:00Z,False,down,sync_nok,n/a,True,up,1.31.2,False,down,sync_nok,n/a,True,up,sync_ok,0.37.15
2025-07-28T07:30:15.227120+00:00Z,True,up,sync_ok,3.3.4,True,up,1.31.2,True,up,sync_nok,1.3.0,True,up,sync_ok,0.37.15
2025-07-28T09:24:56.510814+00:00Z,True,up,sync_ok,3.3.4,True,up,1.31.2,True,up,sync_ok,1.3.0,True,up,sync_ok,0.37.15
2025-07-30T05:01:42.872068+00:00Z,True,up,sync_nok,3.3.4,True,up,1.31.2,True,up,sync_lag,1.3.0,True,up,sync_lag,0.37.15
2025-07-30T05:52:22.226851+00:00Z,True,up,sync_ok,3.3.4,True,up,1.31.2,True,up,sync_ok,1.3.0,True,up,sync_ok,0.37.15
2025-07-30T13:37:45.467426+00:00Z,True,up,sync_ok,3.3.4,False,up,1.31.2,True,up,sync_ok,1.3.0,True,up,sync_ok,0.37.15
2025-07-31T04:25:41.055903+00:00Z,True,up,sync_lag,3.3.4,False,up,1.31.2,True,up,sync_lag,1.3.0,True,up,sync_lag,0.37.15
2025-07-31T05:35:00.793006+00:00Z,True,up,sync_ok,3.3.4,False,up,1.31.2,True,up,sync_ok,1.3.0,True,up,sync_ok,0.37.15
2025-07-31T09:23:23.749038+00:00Z,True,up,sync_ok,3.3.4,True,up,1.31.4,True,up,sync_ok,1.3.0,True,up,sync_ok,0.37.15
2025-08-02T04:55:37.842455+00:00Z,True,up,sync_lag,3.3.4,True,up,1.31.4,True,up,sync_lag,1.3.0,False,down,sync_nok,n/a
2025-08-02T05:21:21.614428+00:00Z,True,up,sync_ok,3.3.4,True,up,1.31.4,True,up,sync_ok,1.3.0,True,up,sync_ok,0.37.15
2025-08-03T08:20:53.363969+00:00Z,True,up,sync_lag,3.3.4,True,up,1.31.4,True,up,sync_ok,1.3.0,True,up,sync_ok,0.37.15
2025-08-03T09:16:42.664753+00:00Z,True,up,sync_ok,3.3.4,True,up,1.31.4,True,up,sync_ok,1.3.0,True,up,sync_ok,0.37.15
2025-08-06T05:04:02.686500+00:00Z,True,up,sync_lag,3.3.4,True,up,1.31.4,True,up,sync_ok,1.3.0,True,up,sync_ok,0.37.15
2025-08-06T05:53:20.370480+00:00Z,True,up,sync_ok,3.3.4,True,up,1.31.4,True,up,sync_ok,1.3.0,True,up,sync_ok,0.37.15
2025-08-07T05:03:18.557275+00:00Z,True,up,sync_lag,3.3.4,True,up,1.31.4,True,up,sync_ok,1.3.0,True,up,sync_ok,0.37.15
2025-08-07T05:51:07.703341+00:00Z,True,up,sync_ok,3.3.4,True,up,1.31.4,True,up,sync_ok,1.3.0,True,up,sync_ok,0.37.15
2025-08-08T05:03:02.506456+00:00Z,True,up,sync_lag,3.3.4,True,up,1.31.4,True,up,sync_ok,1.3.0,True,up,sync_ok,0.37.15
2025-08-08T05:51:06.803747+00:00Z,True,up,sync_ok,3.3.4,True,up,1.31.4,True,up,sync_ok,1.3.0,True,up,sync_ok,0.37.15
2025-08-08T08:24:05.383054+00:00Z,True,up,sync_lag,3.3.4,True,up,1.31.4,True,up,sync_ok,1.3.0,True,up,sync_ok,0.37.15
2025-08-08T09:23:37.307301+00:00Z,,,,,False,down,n/a,,,,,,,,
2025-08-08T11:15:44.464954+00:00Z,True,up,sync_nok,3.3.4,True,up,1.31.4,True,up,sync_ok,1.3.0,True,up,sync_ok,0.37.15
2025-08-08T14:19:27.642510+00:00Z,True,up,sync_ok,3.3.4,True,up,1.31.4,True,up,sync_ok,1.3.0,True,up,sync_ok,0.37.15
2025-08-08T18:23:21.403868+00:00Z,True,up,sync_lag,3.3.4,True,up,1.31.4,True,up,sync_lag,1.3.0,True,up,sync_lag,0.37.15
2025-08-08T19:13:35.706551+00:00Z,True,up,sync_ok,3.3.4,True,up,1.31.4,True,up,sync_ok,1.3.0,True,up,sync_ok,0.37.15
2025-08-09T04:49:20.227389+00:00Z,True,up,sync_nok,3.3.4,True,up,1.31.4,True,up,sync_nok,1.3.0,False,down,sync_nok,n/a
2025-08-09T05:16:24.751778+00:00Z,True,up,sync_nok,3.3.4,True,up,1.31.4,True,up,sync_nok,1.3.0,True,up,sync_nok,0.37.15
2025-08-09T05:42:56.200655+00:00Z,True,up,sync_nok,3.3.4,True,up,1.31.4,True,up,sync_lag,1.3.0,True,up,sync_lag,0.37.15
2025-08-09T06:23:42.870478+00:00Z,True,up,sync_ok,3.3.4,True,up,1.31.4,True,up,sync_ok,1.3.0,True,up,sync_ok,0.37.15
2025-08-09T08:20:22.043966+00:00Z,True,up,sync_nok,3.3.4,True,up,1.31.4,True,up,sync_lag,1.3.0,True,up,sync_lag,0.37.15
2025-08-09T09:39:44.903451+00:00Z,True,up,sync_nok,3.3.4,True,up,1.31.4,True,up,sync_ok,1.3.0,True,up,sync_ok,0.37.15
2025-08-09T10:16:25.433513+00:00Z,True,up,sync_ok,3.3.4,True,up,1.31.4,True,up,sync_ok,1.3.0,True,up,sync_ok,0.37.15
2025-08-10T04:37:10.257409+00:00Z,True,up,sync_lag,3.3.4,True,up,1.31.4,True,up,sync_lag,1.3.0,False,down,sync_nok,n/a
2025-08-10T05:20:11.491878+00:00Z,True,up,sync_nok,3.3.4,True,up,1.31.4,True,up,sync_lag,1.3.0,True,up,sync_lag,0.37.15
2025-08-10T05:45:56.823065+00:00Z,True,up,sync_ok,3.3.4,True,up,1.31.4,True,up,sync_ok,1.3.0,True,up,sync_ok,0.37.15
2025-08-10T08:20:39.594400+00:00Z,True,up,sync_lag,3.3.4,True,up,1.31.4,True,up,sync_lag,1.3.0,True,up,sync_lag,0.37.15
2025-08-10T09:16:46.101437+00:00Z,True,up,sync_nok,3.3.4,True,up,1.31.4,True,up,sync_ok,1.3.0,True,up,sync_ok,0.37.15
2025-08-10T10:16:54.818421+00:00Z,True,up,sync_ok,3.3.4,True,up,1.31.4,True,up,sync_ok,1.3.0,True,up,sync_ok,0.37.15
2025-08-10T19:12:33.785379+00:00Z,,,,,False,down,n/a,,,,,,,,
2025-08-10T19:35:58.161156+00:00Z,True,up,sync_ok,3.3.4,True,up,1.31.4,True,up,sync_ok,1.3.0,True,up,sync_ok,0.37.15
2025-08-10T20:17:48.270766+00:00Z,True,up,sync_lag,3.3.4,True,up,1.31.4,True,up,sync_ok,1.3.0,True,up,sync_ok,0.37.15
2025-08-10T21:14:49.970047+00:00Z,True,up,sync_ok,3.3.4,True,up,1.31.4,True,up,sync_ok,1.3.0,True,up,sync_ok,0.37.15
2025-08-11T05:01:26.032137+00:00Z,True,up,sync_nok,3.3.4,True,up,1.31.4,True,up,sync_nok,1.3.0,False,down,sync_nok,n/a
2025-08-11T05:50:34.153019+00:00Z,True,up,sync_ok,3.3.4,True,up,1.31.4,True,up,sync_ok,1.3.0,True,up,sync_ok,0.37.15
2025-08-11T08:25:33.563557+00:00Z,True,up,sync_nok,3.3.4,True,up,1.31.4,True,up,sync_lag,1.3.0,True,up,sync_lag,0.37.15
2025-08-11T09:22:46.131376+00:00Z,True,up,sync_nok,3.3.4,True,up,1.31.4,True,up,sync_ok,1.3.0,True,up,sync_ok,0.37.15
2025-08-11T09:47:05.455100+00:00Z,True,up,sync_lag,3.3.4,True,up,1.31.4,True,up,sync_ok,1.3.0,True,up,sync_ok,0.37.15
2025-08-11T10:19:16.872171+00:00Z,True,up,sync_ok,3.3.4,True,up,1.31.4,True,up,sync_ok,1.3.0,True,up,sync_ok,0.37.15
2025-08-12T04:47:57.015977+00:00Z,True,up,sync_nok,3.3.4,True,up,1.31.4,True,up,sync_nok,1.3.0,False,down,sync_nok,n/a
2025-08-12T05:16:30.932237+00:00Z,True,up,sync_nok,3.3.4,True,up,1.31.4,True,up,sync_nok,1.3.0,True,up,sync_nok,0.37.15
2025-08-12T05:42:20.478609+00:00Z,True,up,sync_nok,3.3.4,True,up,1.31.4,True,up,sync_ok,1.3.0,True,up,sync_ok,0.37.15
2025-08-12T06:25:47.355223+00:00Z,True,up,sync_ok,3.3.4,True,up,1.31.4,True,up,sync_ok,1.3.0,True,up,sync_ok,0.37.15
2025-08-12T08:22:34.290360+00:00Z,True,up,sync_lag,3.3.4,True,up,1.31.4,True,up,sync_lag,1.3.0,True,up,sync_lag,0.37.15
2025-08-12T09:19:18.760377+00:00Z,True,up,sync_nok,3.3.4,True,up,1.31.4,True,up,sync_ok,1.3.0,True,up,sync_ok,0.37.15
2025-08-12T09:42:58.486076+00:00Z,True,up,sync_lag,3.3.4,True,up,1.31.4,True,up,sync_ok,1.3.0,True,up,sync_ok,0.37.15
2025-08-12T10:18:07.889332+00:00Z,True,up,sync_ok,3.3.4,True,up,1.31.4,True,up,sync_ok,1.3.0,True,up,sync_ok,0.37.15
2025-08-12T15:18:18.207481+00:00Z,True,up,sync_lag,3.3.4,True,up,1.31.4,True,up,sync_ok,1.3.0,True,up,sync_ok,0.37.15
2025-08-12T15:43:01.056937+00:00Z,True,up,sync_ok,3.3.4,True,up,1.31.4,True,up,sync_ok,1.3.0,True,up,sync_ok,0.37.15
2025-08-13T04:50:19.084412+00:00Z,True,up,sync_ok,3.3.4,True,up,1.31.4,True,up,sync_ok,1.3.0,False,down,sync_nok,n/a
2025-08-13T05:17:52.101237+00:00Z,True,up,sync_nok,3.3.4,True,up,1.31.4,True,up,sync_nok,1.3.0,True,up,sync_nok,0.37.15
2025-08-13T05:44:01.810079+00:00Z,True,up,sync_nok,3.3.4,True,up,1.31.4,True,up,sync_ok,1.3.0,True,up,sync_ok,0.37.15
2025-08-13T06:26:13.787115+00:00Z,True,up,sync_ok,3.3.4,True,up,1.31.4,True,up,sync_ok,1.3.0,True,up,sync_ok,0.37.15
2025-08-13T08:22:58.665282+00:00Z,True,up,sync_lag,3.3.4,True,up,1.31.4,True,up,sync_lag,1.3.0,True,up,sync_lag,0.37.15
2025-08-13T09:19:14.628170+00:00Z,True,up,sync_nok,3.3.4,True,up,1.31.4,True,up,sync_ok,1.3.0,True,up,sync_ok,0.37.15
2025-08-13T09:43:07.037873+00:00Z,True,up,sync_lag,3.3.4,True,up,1.31.4,True,up,sync_ok,1.3.0,True,up,sync_ok,0.37.15
2025-08-13T10:18:33.674890+00:00Z,True,up,sync_ok,3.3.4,True,up,1.31.4,True,up,sync_ok,1.3.0,True,up,sync_ok,0.37.15
2025-08-13T12:35:28.870701+00:00Z,,,,,False,down,n/a,,,,,,,,
2025-08-14T08:23:09.894032+00:00Z,True,up,sync_nok,3.3.4,True,up,1.31.4,True,up,sync_nok,1.3.0,True,up,sync_nok,0.37.15
2025-08-14T19:13:40.894258+00:00Z,False,down,sync_nok,n/a,True,up,1.31.4,False,down,sync_nok,n/a,True,up,sync_nok,0.37.15
2025-08-14T20:19:03.074839+00:00Z,False,down,sync_nok,n/a,True,up,1.31.4,False,down,sync_nok,n/a,True,up,sync_lag,0.37.15
2025-08-14T20:42:26.318956+00:00Z,True,up,sync_ok,3.3.4,True,up,1.31.4,True,up,sync_nok,1.3.0,True,up,sync_ok,0.37.15
2025-08-14T22:15:37.576861+00:00Z,True,up,sync_ok,3.3.4,True,up,1.31.4,True,up,sync_ok,1.3.0,True,up,sync_ok,0.37.15
2025-08-15T04:50:24.956900+00:00Z,True,up,sync_ok,3.3.4,True,up,1.31.4,True,up,sync_ok,1.3.0,False,down,sync_nok,n/a
2025-08-15T05:17:48.992134+00:00Z,True,up,sync_nok,3.3.4,True,up,1.31.4,True,up,sync_nok,1.3.0,True,up,sync_nok,0.37.15
2025-08-15T05:43:28.655565+00:00Z,True,up,sync_nok,3.3.4,True,up,1.31.4,True,up,sync_lag,1.3.0,True,up,sync_lag,0.37.15
2025-08-15T06:25:35.534764+00:00Z,True,up,sync_ok,3.3.4,True,up,1.31.4,True,up,sync_ok,1.3.0,True,up,sync_ok,0.37.15
2025-08-15T08:47:21.571630+00:00Z,True,up,sync_nok,3.3.4,True,up,1.31.4,True,up,sync_lag,1.3.0,True,up,sync_lag,0.37.15
2025-08-15T09:17:48.992689+00:00Z,True,up,sync_nok,3.3.4,True,up,1.31.4,True,up,sync_ok,1.3.0,True,up,sync_ok,0.37.15
2025-08-15T10:17:34.182480+00:00Z,True,up,sync_lag,3.3.4,True,up,1.31.4,True,up,sync_ok,1.3.0,True,up,sync_ok,0.37.15
2025-08-15T10:44:17.554479+00:00Z,True,up,sync_ok,3.3.4,True,up,1.31.4,True,up,sync_ok,1.3.0,True,up,sync_ok,0.37.15
2025-08-16T04:45:20.834771+00:00Z,True,up,sync_nok,3.3.4,True,up,1.31.4,True,up,sync_nok,1.3.0,False,down,sync_nok,n/a
2025-08-16T05:15:48.559690+00:00Z,True,up,sync_nok,3.3.4,True,up,1.31.4,True,up,sync_nok,1.3.0,True,up,sync_nok,0.37.15
2025-08-16T05:41:09.268424+00:00Z,True,up,sync_nok,3.3.4,True,up,1.31.4,True,up,sync_lag,1.3.0,True,up,sync_lag,0.37.15
2025-08-16T06:22:45.337411+00:00Z,True,up,sync_ok,3.3.4,True,up,1.31.4,True,up,sync_ok,1.3.0,True,up,sync_ok,0.37.15
2025-08-16T08:45:03.564840+00:00Z,True,up,sync_nok,3.3.4,True,up,1.31.4,True,up,sync_lag,1.3.0,True,up,sync_lag,0.37.15
2025-08-16T09:38:31.924521+00:00Z,True,up,sync_nok,3.3.4,True,up,1.31.4,True,up,sync_ok,1.3.0,True,up,sync_ok,0.37.15
2025-08-16T10:41:31.146791+00:00Z,True,up,sync_ok,3.3.4,True,up,1.31.4,True,up,sync_ok,1.3.0,True,up,sync_ok,0.37.15
2025-08-17T04:51:19.284655+00:00Z,True,up,sync_lag,3.3.4,True,up,1.31.4,True,up,sync_lag,1.3.0,False,down,sync_nok,n/a
2025-08-17T05:16:21.198212+00:00Z,True,up,sync_nok,3.3.4,True,up,1.31.4,True,up,sync_nok,1.3.0,True,up,sync_nok,0.37.15
2025-08-17T05:41:59.992360+00:00Z,True,up,sync_ok,3.3.4,True,up,1.31.4,True,up,sync_ok,1.3.0,True,up,sync_ok,0.37.15
2025-08-17T08:44:59.818372+00:00Z,True,up,sync_lag,3.3.4,True,up,1.31.4,True,up,sync_ok,1.3.0,True,up,sync_ok,0.37.15
2025-08-17T09:15:44.042052+00:00Z,True,up,sync_ok,3.3.4,True,up,1.31.4,True,up,sync_ok,1.3.0,True,up,sync_ok,0.37.15
2025-08-18T04:55:31.581266+00:00Z,True,up,sync_lag,3.3.4,True,up,1.31.4,True,up,sync_lag,1.3.0,False,down,sync_nok,n/a
2025-08-18T05:21:21.630201+00:00Z,True,up,sync_nok,3.3.4,True,up,1.31.4,True,up,sync_lag,1.3.0,True,up,sync_lag,0.37.15
2025-08-18T05:46:11.193978+00:00Z,True,up,sync_ok,3.3.4,True,up,1.31.4,True,up,sync_ok,1.3.0,True,up,sync_ok,0.37.15
2025-08-18T08:50:33.923128+00:00Z,True,up,sync_nok,3.3.4,True,up,1.31.4,True,up,sync_lag,1.3.0,True,up,sync_lag,0.37.15
2025-08-18T09:21:47.169331+00:00Z,True,up,sync_ok,3.3.4,True,up,1.31.4,True,up,sync_ok,1.3.0,True,up,sync_ok,0.37.15
2025-08-19T04:43:25.190473+00:00Z,True,up,sync_nok,3.3.4,True,up,1.31.4,True,up,sync_nok,1.3.0,False,down,sync_nok,n/a
2025-08-19T05:16:18.391544+00:00Z,True,up,sync_nok,3.3.4,True,up,1.31.4,True,up,sync_nok,1.3.0,True,up,sync_nok,0.37.15
2025-08-19T06:24:27.969193+00:00Z,True,up,sync_ok,3.3.4,True,up,1.31.4,True,up,sync_ok,1.3.0,True,up,sync_ok,0.37.15
2025-08-19T08:47:03.052264+00:00Z,True,up,sync_nok,3.3.4,True,up,1.31.4,True,up,sync_lag,1.3.0,True,up,sync_lag,0.37.15
2025-08-19T09:16:59.982302+00:00Z,True,up,sync_nok,3.3.4,True,up,1.31.4,True,up,sync_ok,1.3.0,True,up,sync_ok,0.37.15
2025-08-19T09:40:59.520895+00:00Z,True,up,sync_ok,3.3.4,True,up,1.31.4,True,up,sync_ok,1.3.0,True,up,sync_ok,0.37.15
2025-08-19T20:38:39.022795+00:00Z,False,down,sync_nok,n/a,True,up,1.31.4,True,up,sync_lag,1.3.0,True,up,sync_lag,0.37.15
2025-08-19T21:14:41.198872+00:00Z,False,down,sync_nok,n/a,True,up,1.31.4,False,down,sync_nok,n/a,True,up,sync_ok,0.37.15
2025-08-19T21:37:05.054332+00:00Z,True,up,sync_nok,3.3.4,True,up,1.31.4,True,up,sync_ok,1.3.0,True,up,sync_ok,0.37.15
2025-08-19T22:15:12.972460+00:00Z,True,up,sync_ok,3.3.4,True,up,1.31.4,True,up,sync_ok,1.3.0,True,up,sync_ok,0.37.15
2025-08-20T04:43:56.979881+00:00Z,True,up,sync_nok,3.3.4,True,up,1.31.4,True,up,sync_nok,1.3.0,False,down,sync_nok,n/a
2025-08-20T05:16:23.544473+00:00Z,True,up,sync_nok,3.3.4,True,up,1.31.4,True,up,sync_ok,1.3.0,True,up,sync_ok,0.37.15
2025-08-20T05:41:07.555929+00:00Z,True,up,sync_ok,3.3.4,True,up,1.31.4,True,up,sync_ok,1.3.0,True,up,sync_ok,0.37.15
2025-08-20T08:44:55.170232+00:00Z,True,up,sync_lag,3.3.4,True,up,1.31.4,True,up,sync_lag,1.3.0,True,up,sync_ok,0.37.15
2025-08-20T09:17:44.445138+00:00Z,True,up,sync_lag,3.3.4,True,up,1.31.4,True,up,sync_ok,1.3.0,True,up,sync_ok,0.37.15
2025-08-20T09:40:44.165763+00:00Z,True,up,sync_ok,3.3.4,True,up,1.31.4,True,up,sync_ok,1.3.0,True,up,sync_ok,0.37.15
2025-08-21T04:43:17.322868+00:00Z,True,up,sync_nok,3.3.4,True,up,1.31.4,True,up,sync_nok,1.3.0,False,down,sync_nok,n/a
2025-08-21T05:16:25.007011+00:00Z,True,up,sync_lag,3.3.4,True,up,1.31.4,True,up,sync_ok,1.3.0,True,up,sync_ok,0.37.15
2025-08-21T05:41:21.399327+00:00Z,True,up,sync_ok,3.3.4,True,up,1.31.4,True,up,sync_ok,1.3.0,True,up,sync_ok,0.37.15
2025-08-21T08:45:59.578901+00:00Z,True,up,sync_lag,3.3.4,True,up,1.31.4,True,up,sync_ok,1.3.0,True,up,sync_ok,0.37.15
2025-08-21T09:17:12.436124+00:00Z,True,up,sync_ok,3.3.4,True,up,1.31.4,True,up,sync_ok,1.3.0,True,up,sync_ok,0.37.15
